Text,Label
The Pythagorean theorem states that a² + b² = c² in a right triangle.,Math
The process of photosynthesis converts sunlight into chemical energy in plants.,Science
The Industrial Revolution began in the late 18th century in Britain.,History
"Shakespeare's plays include tragedies, comedies, and histories.",English
"To solve quadratic equations, we can use the quadratic formula.",Math
Newton’s second law states that Force equals mass times acceleration.,Science
The Renaissance was a period of renewed interest in art and learning in Europe.,History
Metaphors and similes are examples of figurative language.,English
Integration is the reverse process of differentiation in calculus.,Math
"The water cycle includes evaporation, condensation, and precipitation.",Science
World War II ended in 1945 after the surrender of Germany and Japan.,History
A sonnet is a 14-line poem with a specific rhyme scheme.,English
Probability helps in determining the likelihood of certain outcomes.,Math
"Atoms are made up of protons, neutrons, and electrons.",Science
The Cold War was a period of political tension between the US and the Soviet Union.,History
An adjective describes or modifies a noun.,English
A function defines a relationship between inputs and outputs in mathematics.,Math
The human digestive system breaks down food into nutrients.,Science
Ancient Egypt is famous for its pyramids and pharaohs.,History
The passive voice is when the subject of a sentence receives the action.,English
